week_of_year,season_group,tipo_abc,n_observaciones,n_skus_activos,n_kpi_matched,avg_p_oos_h4,avg_yhat_p50_h4,avg_q90_h4,avg_y_true_h4,avg_expected_units_lost,sum_expected_units_lost,avg_margen_unit,sum_eur_at_risk,n_stockout_real,precision_realizada,n_skus_en_alerta,sum_eur_recuperacion_est,sum_units_recuperacion_est
0,REST,?,171,0.0,2,0.0025,0.2208,2.3403,0.0,0.002,0.3435,0.2107,88.086,1,0.0058,0.0,0.0,0.0
0,REST,A,913,0.0,913,0.0255,3.3316,8.4995,3.6112,0.131,119.561,13.3201,5602.7401,17,0.0186,3.0,58.9243,3.9804
0,REST,B,839,0.0,839,0.0154,1.0033,4.1565,1.1108,0.0408,34.2011,13.6493,3750.5772,10,0.0119,2.0,822.186,1.7836
0,REST,C,2520,0.0,2520,0.0066,0.3517,2.6028,0.175,0.0094,23.7533,32.9375,1040.6659,5,0.002,10.0,112.8309,5.8694
1,REST,?,171,0.0,2,0.0025,0.2176,2.3373,0.0,0.0019,0.3204,0.2107,87.0922,1,0.0058,0.0,0.0,0.0
1,REST,A,913,0.0,913,0.0196,3.7135,8.4145,3.6846,0.134,122.375,13.3201,4920.8243,17,0.0186,2.0,31.0408,3.156
1,REST,B,839,0.0,839,0.0096,1.1042,4.1145,1.0536,0.0359,30.0941,13.6493,2493.7672,8,0.0095,1.0,121.8295,1.2971
1,REST,C,2520,0.0,2520,0.0017,0.3537,2.5917,0.1381,0.0053,13.4554,32.9375,743.5471,4,0.0016,1.0,219.913,2.16
2,REST,?,171,0.0,2,0.0007,0.2289,2.3485,0.0,0.0001,0.0198,0.2107,0.3284,1,0.0058,0.0,0.0,0.0
2,REST,A,913,0.0,913,0.0255,3.6637,8.5407,5.207,0.1409,128.6163,13.3201,4852.2548,12,0.0131,4.0,57.4013,2.7684
2,REST,B,839,0.0,839,0.0161,1.1169,4.2578,1.5662,0.0447,37.5416,13.6493,2911.4099,9,0.0107,1.0,116.7395,0.7594
2,REST,C,2520,0.0,2520,0.0041,0.3307,2.5958,0.2171,0.0063,15.8383,32.9375,1136.8084,6,0.0024,3.0,256.3096,3.5092
3,REST,?,171,0.0,2,0.0036,0.2156,2.2806,0.0117,0.0058,0.9888,0.2107,55.5094,0,0.0,0.0,0.0,0.0
3,REST,A,913,0.0,913,0.0256,3.5437,8.6267,8.4469,0.1337,122.0592,13.3201,4899.7271,12,0.0131,4.0,38.7529,2.4704
3,REST,B,839,0.0,839,0.0188,1.076,4.3198,2.615,0.0458,38.4624,13.6493,2783.6996,8,0.0095,2.0,121.3764,1.0784
3,REST,C,2520,0.0,2520,0.0032,0.3315,2.5921,0.5317,0.0051,12.7508,32.9375,797.0851,3,0.0012,2.0,27.2691,1.1552
4,REST,?,171,0.0,2,0.0029,0.2189,2.2839,0.0,0.0043,0.7341,0.2107,41.9233,0,0.0,0.0,0.0,0.0
4,REST,A,913,0.0,913,0.0232,3.6311,8.6166,5.1139,0.129,117.7474,13.3201,4650.0429,27,0.0296,2.0,11.3287,3.8509
4,REST,B,839,0.0,839,0.0132,1.1174,4.3056,1.3325,0.0394,33.0982,13.6493,2186.2058,19,0.0226,0.0,0.0,0.0
4,REST,C,2520,0.0,2520,0.0026,0.3342,2.6048,0.1948,0.0042,10.5301,32.9375,584.5772,23,0.0091,0.0,0.0,0.0
5,REST,?,171,0.0,2,0.0028,0.2144,2.2793,0.0,0.0025,0.4276,0.2107,34.8209,0,0.0,0.0,0.0,0.0
5,REST,A,913,0.0,913,0.0236,3.8199,8.6462,5.3505,0.1384,126.4035,13.3201,4767.3737,21,0.023,3.0,60.3652,3.8262
5,REST,B,839,0.0,839,0.0133,1.253,4.3989,1.7449,0.0455,38.1895,13.6493,2953.12,11,0.0131,0.0,0.0,0.0
5,REST,C,2520,0.0,2520,0.0038,0.3355,2.6244,0.279,0.0075,18.9154,32.9375,2030.8595,10,0.004,6.0,1414.2966,10.198
6,REST,?,171,0.0,2,0.0026,0.2143,2.2793,0.0234,0.0022,0.3779,0.2107,30.8184,0,0.0,0.0,0.0,0.0
6,REST,A,913,0.0,913,0.022,3.6022,8.6617,8.5575,0.1282,117.0839,13.3201,4791.1546,16,0.0175,2.0,9.8628,1.9754
6,REST,B,839,0.0,839,0.0127,1.1357,4.3943,2.0417,0.041,34.4118,13.6493,2513.3544,10,0.0119,0.0,0.0,0.0
6,REST,C,2520,0.0,2520,0.0037,0.3373,2.6204,0.275,0.0064,16.0843,32.9375,1239.7031,9,0.0036,5.0,555.7642,5.4478
7,REST,?,171,0.0,2,0.0007,0.2158,2.2807,0.0,0.0001,0.0183,0.2107,0.1189,0,0.0,0.0,0.0,0.0
7,REST,A,913,0.0,913,0.024,3.7905,8.7477,7.506,0.1353,123.5371,13.3201,4872.9056,26,0.0285,3.0,31.5847,2.0911
7,REST,B,839,0.0,839,0.0137,1.1132,4.4628,1.9917,0.0403,33.8334,13.6493,2258.0078,11,0.0131,2.0,44.1623,1.8386
7,REST,C,2520,0.0,2520,0.0039,0.342,2.6267,0.3774,0.0072,18.0333,32.9375,1387.012,15,0.006,3.0,122.066,2.7079
8,REST,?,171,0.0,2,0.0007,0.2178,2.2833,0.0,0.0001,0.0182,0.2107,0.1201,0,0.0,0.0,0.0,0.0
8,REST,A,913,0.0,913,0.0267,3.7201,8.9978,1.4962,0.1468,134.0617,13.3201,5373.9533,100,0.1095,1.0,4.6842,0.6408
8,REST,B,839,0.0,839,0.0173,1.1605,4.6019,0.5435,0.0587,49.2659,13.6493,2787.359,43,0.0513,1.0,26.3134,0.8644
8,REST,C,2520,0.0,2520,0.0072,0.361,2.6703,0.0794,0.011,27.7607,32.9375,2211.3321,38,0.0151,11.0,1033.7382,9.2119
9,REST,?,171,0.0,2,0.0007,0.2125,2.2667,0.0,0.0001,0.018,0.2107,0.0948,0,0.0,0.0,0.0,0.0
9,REST,A,913,0.0,913,0.0236,4.0636,9.2502,6.3198,0.1536,140.2739,13.3201,5541.1974,17,0.0186,1.0,6.7569,0.6725
9,REST,B,839,0.0,839,0.0139,1.1587,4.7044,1.8403,0.0466,39.0578,13.6493,2901.009,6,0.0072,1.0,86.5521,2.7838
9,REST,C,2520,0.0,2520,0.0047,0.369,2.679,0.2611,0.0083,20.8642,32.9375,1613.8484,7,0.0028,2.0,11.5413,1.5915
10,REST,?,171,0.0,2,0.0007,0.2219,2.2761,0.0,0.0001,0.0198,0.2107,0.139,0,0.0,0.0,0.0,0.0
10,REST,A,913,0.0,913,0.0256,3.9523,9.4341,5.8598,0.1625,148.3825,13.3201,6513.593,28,0.0307,2.0,480.5497,3.6348
10,REST,B,839,0.0,839,0.0166,1.1753,4.7383,1.6103,0.0511,42.8426,13.6493,3236.6835,7,0.0083,1.0,26.328,1.2611
10,REST,C,2520,0.0,2520,0.0046,0.3816,2.7031,0.3119,0.0116,29.2309,32.9375,2927.1069,8,0.0032,3.0,1489.1509,4.1037
11,REST,?,171,0.0,2,0.0038,0.2107,2.3194,0.0,0.0043,0.7405,0.2107,153.2128,0,0.0,1.0,153.1869,0.7233
11,REST,A,913,0.0,913,0.0311,4.0889,10.0994,8.276,0.1931,176.2639,13.3201,7153.3677,18,0.0197,1.0,466.7751,2.3588
11,REST,B,839,0.0,839,0.0151,1.2907,4.7909,2.3075,0.0581,48.7314,13.6493,3609.4158,3,0.0036,0.0,0.0,0.0
11,REST,C,2520,0.0,2520,0.0062,0.3841,2.7207,0.3992,0.0137,34.5025,32.9375,2783.2652,17,0.0067,5.0,954.2178,5.8208
12,REST,?,171,0.0,2,0.0024,0.2106,2.3194,0.8012,0.0024,0.4139,0.2107,84.5195,0,0.0,0.0,0.0,0.0
12,REST,A,913,0.0,913,0.0456,2.9634,9.7379,3.7284,0.2032,185.5293,13.3201,10498.5694,55,0.0602,7.0,580.8059,5.7047
12,REST,B,839,0.0,839,0.0213,1.0703,4.7187,1.0453,0.0621,52.14,13.6493,4813.2401,34,0.0405,2.0,151.3958,3.6072
12,REST,C,2520,0.0,2520,0.0087,0.3535,2.7495,1.4786,0.0135,33.9185,32.9375,2508.4347,17,0.0067,16.0,1032.5962,11.5354
13,REST,?,171,0.0,2,0.0024,0.2156,2.3244,0.0,0.0016,0.2784,0.2107,79.8133,11,0.0643,0.0,0.0,0.0
13,REST,A,913,0.0,913,0.0233,4.3764,9.9993,5.6386,0.164,149.6872,13.3201,6165.6681,21,0.023,1.0,469.0151,0.9759
13,REST,B,839,0.0,839,0.0124,1.2973,4.7752,2.0417,0.0435,36.4602,13.6493,2871.9671,8,0.0095,1.0,113.3155,1.233
13,REST,C,2520,0.0,2520,0.0043,0.3866,2.7422,0.2417,0.0087,21.8035,32.9375,2072.1786,36,0.0143,3.0,843.612,2.9678
14,REST,?,171,0.0,2,0.0023,0.2155,2.3243,0.0,0.0015,0.2481,0.2107,75.7903,0,0.0,0.0,0.0,0.0
14,REST,A,913,0.0,913,0.0302,4.0439,10.2429,6.5739,0.1903,173.7806,13.3201,6939.6105,39,0.0427,0.0,0.0,0.0
14,REST,B,839,0.0,839,0.0159,1.2868,4.8908,1.6508,0.0547,45.9027,13.6493,3398.7641,15,0.0179,1.0,109.717,0.9113
14,REST,C,2520,0.0,2520,0.0053,0.4016,2.7698,0.3734,0.0118,29.6287,32.9375,1883.678,22,0.0087,2.0,215.6252,2.38
15,REST,?,171,0.0,2,0.0007,0.218,2.3268,0.0,0.0001,0.0178,0.2107,0.235,0,0.0,0.0,0.0,0.0
15,REST,A,913,0.0,913,0.0318,4.1157,10.2903,7.8302,0.2058,187.8828,13.3201,7630.1962,16,0.0175,0.0,0.0,0.0
15,REST,B,839,0.0,839,0.015,1.2876,4.881,4.3743,0.0542,45.4459,13.6493,3536.0625,10,0.0119,1.0,107.7585,0.895
15,REST,C,2520,0.0,2520,0.0064,0.4108,2.7771,0.5024,0.0148,37.3876,32.9375,2155.7087,27,0.0107,6.0,456.9675,4.7673
16,REST,?,171,0.0,2,0.0007,0.2118,2.2578,0.0,0.0001,0.0191,0.2107,0.0601,0,0.0,0.0,0.0,0.0
16,REST,A,913,0.0,913,0.0414,4.3549,10.6378,3.6616,0.2112,192.8226,13.3201,7545.641,67,0.0734,6.0,309.3298,5.0889
16,REST,B,839,0.0,839,0.02,1.3494,4.8756,1.3957,0.0616,51.6757,13.6493,3562.7737,36,0.0429,2.0,11.4702,1.2724
16,REST,C,2520,0.0,2520,0.0062,0.4001,2.7914,0.3044,0.0136,34.3231,32.9375,1820.0622,30,0.0119,5.0,370.4834,5.966
17,REST,?,171,0.0,2,0.0564,0.2998,2.6219,0.0,0.0392,6.7059,0.2107,0.0603,0,0.0,11.0,0.0,6.6732
17,REST,A,913,0.0,913,0.0323,4.1886,10.6307,7.0274,0.2037,185.9966,13.3201,7636.5436,22,0.0241,1.0,251.529,1.8306
17,REST,B,839,0.0,839,0.0122,1.3146,4.9059,2.0226,0.0479,40.2102,13.6493,3153.1017,11,0.0131,0.0,0.0,0.0
17,REST,C,2520,0.0,2520,0.0148,0.4667,2.9761,0.4294,0.0244,61.5043,32.9375,3719.7579,28,0.0111,30.0,1955.13,33.599
18,REST,?,171,0.0,2,0.0012,0.2551,2.5771,0.8304,0.0006,0.1111,0.2107,0.0604,0,0.0,0.0,0.0,0.0
18,REST,A,913,0.0,913,0.0361,4.5235,10.8864,8.3669,0.2158,197.0413,13.3201,7658.4787,24,0.0263,2.0,238.846,1.4143
18,REST,B,839,0.0,839,0.0167,1.3276,4.9851,3.5375,0.0597,50.0577,13.6493,3912.6411,13,0.0155,0.0,0.0,0.0
18,REST,C,2520,0.0,2520,0.0091,0.4324,2.9334,1.2226,0.019,47.95,32.9375,3432.738,29,0.0115,15.0,2063.9167,20.0886
19,HIGH_SEASON,?,171,0.0,2,0.0012,0.2402,2.1002,0.0058,0.0005,0.0851,0.2107,0.0499,11,0.0643,0.0,0.0,0.0
19,HIGH_SEASON,A,913,0.0,913,0.0279,4.5084,10.7935,9.4294,0.1687,154.0607,13.3201,6304.5916,32,0.035,2.0,676.7388,3.2676
19,HIGH_SEASON,B,839,0.0,839,0.0137,1.3898,4.5422,3.0489,0.0481,40.375,13.6493,2697.8959,10,0.0119,1.0,7.5815,1.1472
19,HIGH_SEASON,C,2520,0.0,2520,0.0098,0.4665,2.6563,0.4548,0.0214,53.899,32.9375,4268.6946,38,0.0151,15.0,2277.6055,21.2675
20,HIGH_SEASON,?,171,0.0,2,0.0011,0.2342,2.0943,0.0643,0.0003,0.0587,0.2107,0.0499,0,0.0,0.0,0.0,0.0
20,HIGH_SEASON,A,913,0.0,913,0.0374,4.5061,10.9539,7.5433,0.1747,159.5007,13.3201,6059.6546,32,0.035,8.0,508.2439,7.5596
20,HIGH_SEASON,B,839,0.0,839,0.0195,1.5978,4.7575,2.7139,0.1263,105.9364,13.6493,3354.9435,14,0.0167,1.0,475.3312,49.3137
20,HIGH_SEASON,C,2520,0.0,2520,0.0099,0.4777,2.6666,0.4337,0.0191,48.0094,32.9375,4463.7292,27,0.0107,14.0,2153.8451,17.6423
21,HIGH_SEASON,?,171,0.0,2,0.0007,0.2326,2.092,0.0,0.0001,0.0205,0.2107,0.0493,1,0.0058,0.0,0.0,0.0
21,HIGH_SEASON,A,913,0.0,913,0.0282,4.6281,10.8133,5.1993,0.1529,139.6084,13.3201,4972.9738,41,0.0449,4.0,337.2464,3.2235
21,HIGH_SEASON,B,839,0.0,839,0.0151,1.4162,4.5927,1.528,0.0949,79.5812,13.6493,3042.5988,17,0.0203,3.0,489.3522,43.3956
21,HIGH_SEASON,C,2520,0.0,2520,0.0074,0.4435,2.6362,0.3496,0.0142,35.8196,32.9375,3553.4761,29,0.0115,7.0,1360.6888,6.5287
22,HIGH_SEASON,?,171,0.0,2,0.0007,0.2499,2.1093,0.0,0.0001,0.0227,0.2107,0.0527,0,0.0,0.0,0.0,0.0
22,HIGH_SEASON,A,913,0.0,913,0.03,4.8462,11.0133,9.0657,0.1819,166.1014,13.3201,6050.8539,13,0.0142,2.0,307.8664,1.5919
22,HIGH_SEASON,B,839,0.0,839,0.0143,1.5023,4.6925,3.2777,0.1067,89.5147,13.6493,3115.7084,3,0.0036,1.0,461.9229,45.7669
22,HIGH_SEASON,C,2520,0.0,2520,0.0089,0.4523,2.6608,0.4536,0.0174,43.8001,32.9375,4337.5861,27,0.0107,10.0,2203.8786,8.874
23,HIGH_SEASON,?,171,0.0,2,0.0432,0.3038,2.291,0.0058,0.0569,9.7229,0.2107,0.9197,0,0.0,11.0,0.0,9.5507
23,HIGH_SEASON,A,913,0.0,913,0.0309,5.5427,11.6086,6.6287,0.1889,172.45,13.3201,5481.0285,26,0.0285,2.0,298.0562,1.4751
23,HIGH_SEASON,B,839,0.0,839,0.0169,1.5927,4.866,2.1633,0.0936,78.5094,13.6493,3072.377,11,0.0131,2.0,471.7181,30.1891
23,HIGH_SEASON,C,2520,0.0,2520,0.0119,0.5449,2.7004,0.3353,0.0742,186.8972,32.9375,5041.9558,31,0.0123,26.0,2373.0671,154.2423
24,HIGH_SEASON,?,171,0.0,2,0.0048,0.3019,2.2875,0.0,0.008,1.3714,0.2107,0.0649,0,0.0,1.0,0.0,1.1355
24,HIGH_SEASON,A,913,0.0,913,0.0292,5.1241,11.0829,9.2563,0.183,167.1184,13.3201,5570.2485,28,0.0307,0.0,0.0,0.0
24,HIGH_SEASON,B,839,0.0,839,0.0174,1.5809,4.8624,3.9905,0.0653,54.7847,13.6493,3079.4956,6,0.0072,0.0,0.0,0.0
24,HIGH_SEASON,C,2520,0.0,2520,0.0091,0.5263,2.7075,0.3321,0.0625,157.5066,32.9375,4204.6039,25,0.0099,10.0,1999.1284,120.194
25,HIGH_SEASON,?,171,0.0,2,0.0077,0.2804,2.2838,0.0117,0.008,1.3703,0.2107,68.5773,0,0.0,2.0,68.5574,1.2008
25,HIGH_SEASON,A,913,0.0,913,0.0306,5.0252,11.134,7.6276,0.1548,141.3242,13.3201,5332.4491,22,0.0241,5.0,518.9621,8.0352
25,HIGH_SEASON,B,839,0.0,839,0.0166,1.6701,4.9536,2.534,0.0645,54.0825,13.6493,2700.2118,17,0.0203,1.0,25.6022,1.6045
25,HIGH_SEASON,C,2520,0.0,2520,0.0085,0.5268,2.6972,0.4349,0.0661,166.6156,32.9375,4739.3469,21,0.0083,9.0,1958.8433,129.9335
26,HIGH_SEASON,?,171,0.0,2,0.0043,0.2763,2.2797,0.0,0.0039,0.6641,0.2107,0.9345,0,0.0,1.0,0.0,0.545
26,HIGH_SEASON,A,913,0.0,913,0.0251,5.1499,11.3417,6.8467,0.1568,143.168,13.3201,5516.7079,33,0.0361,4.0,995.6244,9.7521
26,HIGH_SEASON,B,839,0.0,839,0.0137,1.7802,5.0878,2.7557,0.0565,47.363,13.6493,2593.5177,13,0.0155,1.0,26.6103,1.653
26,HIGH_SEASON,C,2520,0.0,2520,0.0089,0.559,2.7591,0.4671,0.0661,166.4627,32.9375,5146.4608,31,0.0123,14.0,2316.6865,131.836
27,HIGH_SEASON,?,171,0.0,2,0.0007,0.2632,2.2665,0.0,0.0002,0.0296,0.2107,0.8144,0,0.0,0.0,0.0,0.0
27,HIGH_SEASON,A,913,0.0,913,0.0313,5.5112,11.5916,5.8007,0.1874,171.1085,13.3201,6461.2819,27,0.0296,3.0,1007.0953,5.1792
27,HIGH_SEASON,B,839,0.0,839,0.0193,1.8705,5.1936,1.5638,0.071,59.5487,13.6493,2759.2648,21,0.025,3.0,52.9929,2.5378
27,HIGH_SEASON,C,2520,0.0,2520,0.0073,0.5591,2.7628,0.3976,0.0313,78.8215,32.9375,4799.4209,24,0.0095,5.0,2064.2518,38.5636
28,HIGH_SEASON,?,171,0.0,2,0.0007,0.2628,2.2664,0.0,0.0002,0.0275,0.2107,0.5369,0,0.0,0.0,0.0,0.0
28,HIGH_SEASON,A,913,0.0,913,0.0319,5.3045,11.7089,6.4874,0.1892,172.7487,13.3201,6512.3096,25,0.0274,6.0,1027.1573,8.5474
28,HIGH_SEASON,B,839,0.0,839,0.0157,1.8824,5.2827,3.3778,0.0648,54.3479,13.6493,2958.1635,16,0.0191,2.0,28.3012,1.4205
28,HIGH_SEASON,C,2520,0.0,2520,0.0058,0.5461,2.7538,0.521,0.0302,76.1343,32.9375,4584.3758,29,0.0115,3.0,1867.3246,39.801
29,HIGH_SEASON,?,171,0.0,2,0.0007,0.2623,2.2659,0.0,0.0001,0.0247,0.2107,0.1051,0,0.0,0.0,0.0,0.0
29,HIGH_SEASON,A,913,0.0,913,0.0296,5.1852,11.8245,3.4819,0.1636,149.3955,13.3201,5674.9599,50,0.0548,2.0,678.9598,3.9689
29,HIGH_SEASON,B,839,0.0,839,0.0173,1.7675,5.2283,1.2133,0.0642,53.8954,13.6493,3030.4729,25,0.0298,0.0,0.0,0.0
29,HIGH_SEASON,C,2520,0.0,2520,0.0057,0.5341,2.7558,0.1865,0.0225,56.6014,32.9375,5073.0916,32,0.0127,3.0,2316.4001,23.7147
30,HIGH_SEASON,?,171,0.0,2,0.0007,0.226,2.1068,0.7661,0.0001,0.0209,0.2107,0.1051,0,0.0,0.0,0.0,0.0
30,HIGH_SEASON,A,913,0.0,913,0.0305,5.4781,11.9967,4.1281,0.194,177.1239,13.3201,5800.1739,35,0.0383,2.0,98.9748,3.1418
30,HIGH_SEASON,B,839,0.0,839,0.0155,1.8382,5.3268,1.3266,0.069,57.8631,13.6493,2908.9991,18,0.0215,0.0,0.0,0.0
30,HIGH_SEASON,C,2520,0.0,2520,0.0063,0.5027,2.6853,1.0373,0.0192,48.4894,32.9375,3238.8332,32,0.0127,4.0,705.1711,4.0902
31,HIGH_SEASON,?,171,0.0,2,0.0007,0.2295,2.1103,0.0,0.0001,0.0208,0.2107,0.1052,13,0.076,0.0,0.0,0.0
31,HIGH_SEASON,A,913,0.0,913,0.0302,5.1962,12.0322,3.9693,0.17,155.2294,13.3201,5326.4797,43,0.0471,4.0,153.0285,3.4933
31,HIGH_SEASON,B,839,0.0,839,0.0199,1.8447,5.4871,0.9213,0.0773,64.8177,13.6493,2858.8009,15,0.0179,3.0,149.7473,5.9549
31,HIGH_SEASON,C,2520,0.0,2520,0.0082,0.5069,2.7518,0.1341,0.0197,49.6587,32.9375,3189.6035,51,0.0202,10.0,1006.19,13.8122
32,HIGH_SEASON,?,171,0.0,2,0.0007,0.2293,2.1101,0.0,0.0001,0.0207,0.2107,0.1051,0,0.0,0.0,0.0,0.0
32,HIGH_SEASON,A,913,0.0,913,0.0296,4.5706,11.8546,4.3187,0.1822,166.3765,13.3201,6726.7206,39,0.0427,1.0,83.0136,1.6113
32,HIGH_SEASON,B,839,0.0,839,0.0198,1.6179,5.3596,1.1526,0.0685,57.4603,13.6493,3301.4325,12,0.0143,2.0,117.6746,4.5264
32,HIGH_SEASON,C,2520,0.0,2520,0.0085,0.4844,2.7522,0.2381,0.0231,58.1323,32.9375,6277.0647,19,0.0075,9.0,3486.8458,17.9888
33,HIGH_SEASON,?,171,0.0,2,0.0007,0.2843,2.1651,0.0351,0.0002,0.036,0.2107,0.1058,0,0.0,0.0,0.0,0.0
33,HIGH_SEASON,A,913,0.0,913,0.0318,4.8439,11.7086,3.2815,0.1749,159.6385,13.3201,6698.841,36,0.0394,2.0,643.7997,3.2133
33,HIGH_SEASON,B,839,0.0,839,0.0229,1.6589,5.2575,0.9952,0.0648,54.3585,13.6493,3058.7746,12,0.0143,5.0,197.7513,4.2685
33,HIGH_SEASON,C,2520,0.0,2520,0.0084,0.5199,2.7725,0.1909,0.018,45.4855,32.9375,5458.3024,17,0.0067,9.0,3064.5835,10.0116
34,HIGH_SEASON,?,171,0.0,2,0.0007,0.2391,2.1199,0.0,0.0001,0.0227,0.2107,0.1051,1,0.0058,0.0,0.0,0.0
34,HIGH_SEASON,A,913,0.0,913,0.0287,4.6568,11.6124,2.1961,0.1638,149.5155,13.3201,6088.9331,41,0.0449,2.0,587.6588,1.8911
34,HIGH_SEASON,B,839,0.0,839,0.0186,1.5957,5.2115,0.5971,0.0588,49.3213,13.6493,3135.5057,12,0.0143,4.0,170.109,3.3877
34,HIGH_SEASON,C,2520,0.0,2520,0.0084,0.4539,2.7047,0.0972,0.0151,38.041,32.9375,5378.0692,19,0.0075,8.0,2951.2175,6.4385
35,REST,?,171,0.0,2,0.0618,0.2742,2.8784,0.0,0.0442,7.5516,0.2107,0.1278,0,0.0,13.0,0.0,7.5323
35,REST,A,913,0.0,913,0.0371,4.3763,11.6729,0.0,0.2193,200.2291,13.3201,8458.4492,218,0.2388,2.0,413.5638,2.8289
35,REST,B,839,0.0,839,0.0176,1.5377,5.616,0.0,0.0669,56.1507,13.6493,3541.7887,58,0.0691,0.0,0.0,0.0
35,REST,C,2520,0.0,2520,0.0137,0.4664,3.1105,0.0,0.0386,97.3012,32.9375,4182.3511,28,0.0111,26.0,1799.6704,65.3668
36,REST,?,171,0.0,2,0.0009,0.2483,2.5938,0.0,0.0002,0.0423,0.2107,0.1171,0,0.0,0.0,0.0,0.0
36,REST,A,913,0.0,913,0.0326,4.4839,11.3854,0.0,0.2105,192.1786,13.3201,7722.3409,192,0.2103,3.0,424.8653,3.6415
36,REST,B,839,0.0,839,0.0148,1.4565,5.4524,0.0,0.0614,51.5512,13.6493,3666.033,42,0.0501,0.0,0.0,0.0
36,REST,C,2520,0.0,2520,0.0057,0.445,3.0241,0.0,0.0144,36.2618,32.9375,2507.0707,23,0.0091,5.0,399.8134,9.6809
37,REST,?,171,0.0,2,0.0009,0.2363,2.5814,0.0,0.0002,0.0323,0.2107,0.1261,0,0.0,0.0,0.0,0.0
37,REST,A,913,0.0,913,0.0355,4.2478,11.0737,0.0,0.1957,178.683,13.3201,6632.8061,172,0.1884,2.0,3.2328,1.4621
37,REST,B,839,0.0,839,0.0168,1.4086,5.2975,0.0,0.0644,54.053,13.6493,3202.8122,29,0.0346,1.0,3.0495,1.1113
37,REST,C,2520,0.0,2520,0.0065,0.4348,3.0163,0.0,0.0157,39.5402,32.9375,4043.6261,20,0.0079,6.0,775.7657,10.3936
38,REST,?,171,0.0,2,0.0059,0.2224,2.5509,0.0,0.0029,0.4991,0.2107,68.9389,0,0.0,1.0,68.9148,0.4716
38,REST,A,913,0.0,913,0.0336,3.868,10.7184,0.0,0.1887,172.2567,13.3201,7620.4907,153,0.1676,2.0,338.035,3.2606
38,REST,B,839,0.0,839,0.014,1.4036,5.123,0.0,0.0585,49.0934,13.6493,3284.9876,22,0.0262,0.0,0.0,0.0
38,REST,C,2520,0.0,2520,0.0056,0.4364,2.9437,0.0,0.0144,36.1876,32.9375,4813.4674,19,0.0075,7.0,3191.6684,11.6383
39,REST,?,171,0.0,2,0.0007,0.2224,2.5509,0.0,0.0001,0.0206,0.2107,0.1644,0,0.0,0.0,0.0,0.0
39,REST,A,913,0.0,913,0.0472,2.3206,10.1777,0.0,0.263,240.1384,13.3201,16049.9147,133,0.1457,3.0,60.9029,6.5084
39,REST,B,839,0.0,839,0.0165,0.9864,4.899,0.0,0.0636,53.3343,13.6493,4723.1428,20,0.0238,0.0,0.0,0.0
39,REST,C,2520,0.0,2520,0.0051,0.3598,2.8833,0.0,0.0119,29.8854,32.9375,4108.2849,16,0.0063,5.0,1252.2336,7.1055
40,REST,?,171,0.0,2,0.0007,0.221,2.5495,0.0,0.0001,0.0204,0.2107,0.1486,0,0.0,0.0,0.0,0.0
40,REST,A,913,0.0,913,0.0349,1.8927,9.3747,0.0,0.1763,160.9623,13.3201,13439.8323,112,0.1227,1.0,24.2578,1.5202
40,REST,B,839,0.0,839,0.0085,0.8533,4.6226,0.0,0.0367,30.8126,13.6493,2771.0258,15,0.0179,0.0,0.0,0.0
40,REST,C,2520,0.0,2520,0.0031,0.3312,2.8285,0.0,0.0067,16.7736,32.9375,2982.4402,13,0.0052,4.0,1095.9288,5.2281
41,REST,?,171,0.0,2,0.0007,0.2212,2.5492,0.0,0.0001,0.0202,0.2107,0.121,0,0.0,0.0,0.0,0.0
41,REST,A,913,0.0,913,0.0373,1.6157,8.812,0.0,0.1791,163.5283,13.3201,15529.8022,95,0.1041,2.0,37.2824,2.3545
41,REST,B,839,0.0,839,0.008,0.7489,4.3492,0.0,0.0358,30.0691,13.6493,2474.4747,12,0.0143,0.0,0.0,0.0
41,REST,C,2520,0.0,2520,0.0026,0.3133,2.7859,0.0,0.0056,14.214,32.9375,2684.2796,10,0.004,2.0,556.1981,2.1964
42,REST,?,171,0.0,2,0.0007,0.2205,2.5486,0.0,0.0001,0.02,0.2107,0.0774,0,0.0,0.0,0.0,0.0
42,REST,A,913,0.0,913,0.0273,1.4185,8.0882,0.0,0.1276,116.5278,13.3201,13097.2672,74,0.0811,2.0,36.0989,2.2977
42,REST,B,839,0.0,839,0.0061,0.6363,4.0513,0.0,0.0215,18.0725,13.6493,1858.9924,6,0.0072,0.0,0.0,0.0
42,REST,C,2520,0.0,2520,0.0016,0.2997,2.7477,0.0,0.0035,8.7082,32.9375,1146.6481,9,0.0036,0.0,0.0,0.0
43,REST,?,171,0.0,2,0.0007,0.2202,2.5474,0.0,0.0001,0.0199,0.2107,0.0774,0,0.0,0.0,0.0,0.0
43,REST,A,913,0.0,913,0.0007,1.2253,7.4233,0.0,0.0009,0.7929,13.3201,80.4604,64,0.0701,0.0,0.0,0.0
43,REST,B,839,0.0,839,0.0007,0.5627,3.8369,0.0,0.0004,0.3132,13.6493,35.7461,5,0.006,0.0,0.0,0.0
43,REST,C,2520,0.0,2520,0.0007,0.2844,2.6839,0.0,0.0002,0.4126,32.9375,138.261,8,0.0032,0.0,0.0,0.0
44,REST,?,171,0.0,2,0.0007,0.2202,2.5474,0.0,0.0001,0.0199,0.2107,0.0774,0,0.0,0.0,0.0,0.0
44,REST,A,913,0.0,913,0.0007,1.1138,6.7107,0.0,0.0008,0.7191,13.3201,73.9872,42,0.046,0.0,0.0,0.0
44,REST,B,839,0.0,839,0.0007,0.5121,3.5431,0.0,0.0003,0.2828,13.6493,33.3063,4,0.0048,0.0,0.0,0.0
44,REST,C,2520,0.0,2520,0.0007,0.2718,2.5941,0.0,0.0002,0.3876,32.9375,137.0797,4,0.0016,0.0,0.0,0.0
45,REST,?,171,0.0,2,0.0007,0.2203,2.5474,0.0,0.0001,0.0199,0.2107,0.0774,0,0.0,0.0,0.0,0.0
45,REST,A,913,0.0,913,0.0007,1.0019,6.1352,0.0,0.0007,0.6435,13.3201,68.0467,32,0.035,0.0,0.0,0.0
45,REST,B,839,0.0,839,0.0007,0.4813,3.3706,0.0,0.0003,0.2625,13.6493,30.6185,4,0.0048,0.0,0.0,0.0
45,REST,C,2520,0.0,2520,0.0007,0.2616,2.5524,0.0,0.0001,0.368,32.9375,134.9824,4,0.0016,0.0,0.0,0.0
46,REST,?,171,0.0,2,0.0007,0.2202,2.5474,0.0,0.0001,0.0199,0.2107,0.0774,0,0.0,0.0,0.0,0.0
46,REST,A,913,0.0,913,0.0007,0.9024,5.4336,0.0,0.0006,0.5774,13.3201,60.5265,15,0.0164,0.0,0.0,0.0
46,REST,B,839,0.0,839,0.0007,0.4267,3.153,0.0,0.0003,0.2303,13.6493,29.1398,1,0.0012,0.0,0.0,0.0
46,REST,C,2520,0.0,2520,0.0007,0.2527,2.5062,0.0,0.0001,0.3511,32.9375,133.9805,0,0.0,0.0,0.0,0.0
47,REST,?,171,0.0,2,0.0007,0.2202,2.5474,0.0,0.0001,0.02,0.2107,0.0774,0,0.0,0.0,0.0,0.0
47,REST,A,913,0.0,913,0.0007,0.8084,4.7315,0.0,0.0006,0.5178,13.3201,51.066,4,0.0044,0.0,0.0,0.0
47,REST,B,839,0.0,839,0.0007,0.3914,3.0122,0.0,0.0003,0.2106,13.6493,27.2871,1,0.0012,0.0,0.0,0.0
47,REST,C,2520,0.0,2520,0.0007,0.2423,2.4682,0.0,0.0001,0.3436,32.9375,131.8209,0,0.0,0.0,0.0,0.0
